,media,dp
knn,0.9316588886008124,0.031245167972901115
tree,0.9159612393051596,0.04625957411928778
neural,0.8288123325555267,0.12404166891076888
forest,0.9632756460115806,0.0294071662844694
