,media,dp
knn,0.9316588886008124,0.031245167972901115
tree,0.9088183821623023,0.04015078774858699
neural,0.797407311381903,0.22257488986002208
forest,0.9649997839426151,0.028010134035118203
