,media,dp
knn,0.9788938332167104,0.017601243897194148
tree,0.828741699819908,0.03381904734869428
neural,0.9182522897883049,0.033915745203152145
forest,0.9516871108677964,0.022380438784698677
