,media,dp
knn,0.9788938332167104,0.017601243897194148
tree,0.8259042140876456,0.035901221189091316
neural,0.9376977309277738,0.02464496326233465
forest,0.9533887329186774,0.01824253782742457
