,media,dp
knn,0.9533333333333334,0.059999999999999984
tree,0.9533333333333334,0.04268749491621898
neural,0.7733333333333333,0.10832051206181283
forest,0.9400000000000001,0.06289320754704401
