,media,dp
knn,0.9533333333333334,0.059999999999999984
tree,0.9533333333333334,0.04268749491621898
neural,0.8400000000000001,0.11623730516108463
forest,0.96,0.044221663871405324
