,media,dp
knn,0.7144801341589267,0.11841049759193698
tree,0.9002579979360166,0.06911723348617782
neural,0.39007782937736496,0.11437130517991893
forest,0.9564327485380117,0.052492506317112934
