,media,dp
knn,0.7144801341589267,0.11841049759193698
tree,0.8940079979360165,0.05713751384480903
neural,0.41365884072927417,0.17224035313211558
forest,0.9783625730994153,0.03545615530110906
