,media,dp
zeror,0.6274274047186933,0.00441189245975379
oner,0.9141463572724915,0.039822475517287674
oner_prob,0.9141463572724915,0.039822475517287674
gaussian,0.9386796733212339,0.030112887483699426
