,media,dp
zeror,0.10127425688130931,0.001274401867253491
oner,0.23303354606521257,0.021685445382370397
oner_prob,0.2254729182143461,0.027573127581696524
gaussian,0.8103537583567821,0.056655402070708565
