,media,dp
zeror,0.33333333333333337,5.551115123125783e-17
oner,0.9533333333333334,0.06699917080747259
oner_prob,0.9,0.08563488385776753
gaussian,0.9533333333333334,0.04268749491621898
