,media,dp
zeror,0.3992539559683522,0.016871583549832498
oner,0.6235208118335054,0.07712192798491828
oner_prob,0.6287839697282422,0.0961343165966206
gaussian,0.9616959064327485,0.042442001415448946
